slug,provider,offer,actionButtons,chain,technology,txSpeedSla,throughputSla,openSource,support,supportedChains,starred,availableApis,monitoringAndAnalytics,additionalFeatures,assetTypes,price,economicalSecurity,economicalSecurityNote,auditsPerformed,decentralizationModel,sdk,tag
across-mainnet,,!offer:across,,mainnet,,,,,,,,,,,,,,,,,,
allbridge-core-mainnet,,!offer:allbridge-core,,mainnet,,,,,,,,,,,,,,,,,,
alldomains-bridge-mainnet,,!offer:alldomains-bridge,,mainnet,,,,,,,,,,,,,,,,,,
altitude-mainnet,,!offer:altitude,,mainnet,,,,,,,,,,,,,,,,,,
arbitrum-one-mainnet,,!offer:arbitrum-native,,mainnet,,,,,,,,,,,,,,,,,,
arbitrum-one-sepolia,,!offer:arbitrum-native,,sepolia,,,,,,,,,,,,,,,,,,
asterizm-mainnet,,!offer:asterizm,,mainnet,,,,,,,,,,,,,,,,,,
axelar-mainnet,,!offer:axelar,,mainnet,,,,,,,,,,,,,,,,,,
bungee-exchange-mainnet,,!offer:bungee-exchange,,mainnet,,,,,,,,,,,,,,,,,,
celer-cbridge-mainnet,,!offer:celer,"[""[Bridge](https://cbridge.celer.network/bridge/ethereum-arbitrum/)"",""[Docs](https://cbridge-docs.celer.network/)""]",mainnet,,,,,,,,,,,,,,,,,,
chainlink-ccip-mainnet,,!offer:chainlink-bridge,,mainnet,,,,,,,,,,,,,,,,,,
chainport-mainnet,,!offer:chainport,,mainnet,,,,,,,,,,,,,,,,,,
chainspot-mainnet,,!offer:chainspot,,mainnet,,,,,,,,,,,,,,,,,,
connext-mainnet,,!offer:connext,,mainnet,,,,,,,,,,,,,,,,,,
crosscurve-mainnet,,!offer:crosscurve,,mainnet,,,,,,,,,,,,,,,,,,
debridge-mainnet,,!offer:debridge,,mainnet,,,,,,,,,,,,,,,,,,
defiway-bridge-mainnet,,!offer:defiway-bridge,,mainnet,,,,,,,,,,,,,,,,,,
ecoportal-mainnet,,!offer:ecoportal,,mainnet,,,,,,,,,,,,,,,,,,
enosys-bridge-mainnet,,!offer:enosys-bridge,,mainnet,,,,,,,,,,,,,,,,,,
garden-mainnet,,!offer:garden,,mainnet,,,,,,,,,,,,,,,,,,
gas-zip-mainnet,,!offer:gas-zip,,mainnet,,,,,,,,,,,,,,,,,,
hop-mainnet,,!offer:hop,,mainnet,,,,,,,,,,,,,,,,,,
hyperlane-mainnet,,!offer:hyperlane,,mainnet,,,,,,,,,,,,,,,,,,
interport-mainnet,,!offer:interport,,mainnet,,,,,,,,,,,,,,,,,,
jumper-mainnet,,!offer:jumper,,mainnet,,,,,,,,,,,,,,,,,,
layerswap-mainnet,,!offer:layerswap,,mainnet,,,,,,,,,,,,,,,,,,
layerzero-mainnet,,!offer:layerzero,"[""[Docs](https://docs.layerzero.network/v2/deployments/chains/ethereum)""]",mainnet,,,,,,,,,,,,,,,,,,
mayan-mainnet,,!offer:mayan,,mainnet,,,,,,,,,,,,,,,,,,
meson-mainnet,,!offer:meson,,mainnet,,,,,,,,,,,,,,,,,,
messina-one-mainnet,,!offer:messina,,mainnet,,,,,,,,,,,,,,,,,,
okutrade-mainnet,,!offer:okutrade,,mainnet,,,,,,,,,,,,,,,,,,
orbiter-mainnet,,!offer:orbiter,,mainnet,,,,,,,,,,,,,,,,,,
owlto-mainnet,,!offer:owlto,,mainnet,,,,,,,,,,,,,,,,,,
pancakeswap-bridge-mainnet,,!offer:pancakeswap-bridge,,mainnet,,,,,,,,,,,,,,,,,,
pheasant-mainnet,,!offer:pheasant,,mainnet,,,,,,,,,,,,,,,,,,
polyhedra-sepolia,,!offer:polyhedra,"[""[Docs](https://docs.polyhedra.network/expchain/bridge/)""]",sepolia,,,,,,,,,,,,,,,,,,
rhinofi-mainnet,,!offer:rhinofi,,mainnet,,,,,,,,,,,,,,,,,,
routerprotocol,,!offer:routerprotocol,,mainnet,,,,,,,,,,,,,,,,,,
rubic-mainnet,,!offer:rubic,,mainnet,,,,,,,,,,,,,,,,,,
safeswap-mainnet,,!offer:safeswap,,mainnet,,,,,,,,,,,,,,,,,,
smolrefuel-mainnet,,!offer:smolrefuel,,mainnet,,,,,,,,,,,,,,,,,,
socket-mainnet,,!offer:socket,,mainnet,,,,,,,,,,,,,,,,,,
squid-mainnet,,!offer:squid,,mainnet,,,,,,,,,,,,,,,,,,
stargate-mainnet,,!offer:stargate,,mainnet,,,,,,,,,,,,,,,,,,
starkgate-mainnet,,!offer:starkware,,mainnet,,,,,,,,,,,,,,,,,,
superbridge-mainnet,,!offer:superbridge,,mainnet,,,,,,,,,,,,,,,,,,
symbiosis-mainnet,,!offer:symbiosis,,mainnet,,,,,,,,,,,,,,,,,,
synapse-mainnet,,!offer:synapse,,mainnet,,,,,,,,,,,,,,,,,,
ton-bridge-mainnet,,!offer:ton-bridge,,mainnet,,,,,,,,,,,,,,,,,,
transporter-mainnet,,!offer:transporter,,mainnet,,,,,,,,,,,,,,,,,,
universalx-mainnet,,!offer:universalx,,mainnet,,,,,,,,,,,,,,,,,,
valuerouter-mainnet,,!offer:valuerouter,,mainnet,,,,,,,,,,,,,,,,,,
veda-mainnet,,!offer:veda,,mainnet,,,,,,,,,,,,,,,,,,
wanchain-mainnet,,!offer:wanchain,,mainnet,,,,,,,,,,,,,,,,,,
wormhole-mainnet,,!offer:wormhole,,mainnet,,,,,,,,,,,,,,,,,,
zkbridge-mainnet,,!offer:zkbridge,,mainnet,,,,,,,,,,,,,,,,,,
