slug,provider,offer,actionButtons,tag,description,planType,planName,price,trial,starred,toolType,deliveryType,executionEnvironment,coverage,compliance
abdk,,!offer:abdk,,,,,,,,,,,,,
blocksec-phalcon,,!offer:blocksec-phalcon,,,,,,,,,,,,,
blowfish-free,,!offer:blowfish-free,,,,,,,,,,,,,
cyvers,,!offer:cyvers,,,,,,,,,,,,,
echidna,,!offer:echidna,,,,,,,,,,,,,
ercx-enteprise,,!offer:ercx-enteprise,,,,,,,,,,,,,
ercx-free,,!offer:ercx-free,,,,,,,,,,,,,
ercx-standard,,!offer:ercx-standard,,,,,,,,,,,,,
polyzoa,,!offer:polyzoa,,,,,,,,,,,,,
safe,,!offer:safe,,,,,,,,,,,,,
salus-audit,,!offer:salus-audit,,,,,,,,,,,,,
salus-zk-solution,,!offer:salus-zk-solution,,,,,,,,,,,,,
slowmist-audit,,!offer:slowmist-audit,,,,,,,,,,,,,
solidityscan-on-demand,,!offer:solidityscan-on-demand,,,,,,,,,,,,,
solidityscan-pro,,!offer:solidityscan-pro,,,,,,,,,,,,,
solidityscan-starter,,!offer:solidityscan-starter,,,,,,,,,,,,,
