slug,provider,offer,actionButtons,toolType,description,tag,planType,planName,price,trial,availableApis,executionEnvironment
cometh,,!offer:cometh,,,,,,,,,,
defi-builder,,!offer:defi-builder,,,,,,,,,,
dynamic-enterprise,,!offer:dynamic-enterprise,,,,,,,,,,
kriptonio-enterprise,,!offer:kriptonio-enterprise,,,,,,,,,,
limechain,,!offer:limechain,,,,,,,,,,
livepeer-js-enterprise,,!offer:livepeer-js-enterprise,,,,,,,,,,
mimic,,!offer:mimic,,,,,,,,,,
openfort-enterprise,,!offer:openfort-enterprise,,,,,,,,,,
orderly,,!offer:orderly,,,,,,,,,,
particle,,!offer:particle,,,,,,,,,,
pimlico,,!offer:pimlico,,,,,,,,,,
portal-enterprise,,!offer:portal-enterprise,,,,,,,,,,
privy,,!offer:privy,,,,,,,,,,
reclaim-protocol,,!offer:reclaim-protocol,,,,,,,,,,
rivet-dev-cloud-enterprise,,!offer:rivet-dev-cloud-enterprise,,,,,,,,,,
sablier,,!offer:sablier,,,,,,,,,,
sequence,,!offer:sequence,,,,,,,,,,
starton-enterprise,,!offer:starton-enterprise,,,,,,,,,,
superchain-dev-console,,!offer:superchain-dev-console,,,,,,,,,,
swing,,!offer:swing,,,,,,,,,,
tenderly,,!offer:tenderly,,,,,,,,,,
thirdweb-enterprise,,!offer:thirdweb-enterprise,,,,,,,,,,
thx-network,,!offer:thx-network,,,,,,,,,,
toolblox-consultations,,!offer:toolblox-consultations,,,,,,,,,,
venly-premium,,!offer:venly-premium,,,,,,,,,,
