slug,provider,offer,actionButtons,toolType,tag,price,planType,planName,description,starred
lighthouse-beacon,,!offer:lighthouse-beacon,,,,,,,,
lighthouse-free,,!offer:lighthouse-free,,,,,,,,
lighthouse-harbour,,!offer:lighthouse-harbour,,,,,,,,
lighthouse-lite,,!offer:lighthouse-lite,,,,,,,,
lighthouse-navigator,,!offer:lighthouse-navigator,,,,,,,,
lighthouse-premium,,!offer:lighthouse-premium,,,,,,,,
storacha-extra-spicy,,!offer:storacha-extra-spicy,,,,,,,,
storacha-medium,,!offer:storacha-medium,,,,,,,,
storacha-mild,,!offer:storacha-mild,,,,,,,,
zeeve-build,,!offer:zeeve-build,,,,,,,,
zeeve-free,,!offer:zeeve-free,,,,,,,,
zeeve-growth,,!offer:zeeve-growth,,,,,,,,
zeeve-launch,,!offer:zeeve-launch,,,,,,,,
